feature,mean_importance
exang,0.04774224670942849
chol,0.08302377114885282
trestbps,0.1014790961830482
fbs,0.16174480192710283
slope,0.22042014285885406
restecg,0.22269562531552928
age,0.25989703642904277
thalach,0.2881588387634969
oldpeak,0.3595339578422537
thal,0.4084356235835072
sex,0.5423518002258904
ca,0.6692047558833807
cp,0.672526085981021
