feature,shap_importance
cp,0.16117514284624018
ca,0.13191210814385196
thal,0.07814070264806063
exang,0.04912005016595914
oldpeak,0.04182961773495657
slope,0.028574305322534896
thalach,0.024000121699390007
sex,0.02144084960210194
chol,0.017314062468213032
age,0.016081397378368143
trestbps,0.010054888666931558
restecg,0.002292201890231516
fbs,0.0
