feature,weight
intercept,0.2522961688868279
age,-0.020324647074025093
sex,-0.8135665508882779
cp,0.8501737938193726
trestbps,-0.28331038421815713
chol,-0.29811578498830477
fbs,0.030297506846012165
restecg,0.20091442576268007
thalach,0.5152157258094369
exang,-1.050732652009509
oldpeak,-0.5808206150546995
slope,0.30987582457533164
ca,-0.8080550388107934
thal,-0.5019461987523077
