feature,shap_importance
sex,0.7510946549546614
cp,0.7442934261981882
ca,0.6393313565593628
exang,0.4634262494368788
oldpeak,0.4631052030172012
thalach,0.4537682805883746
thal,0.44288839990392276
slope,0.2867297672684086
chol,0.22137133650165594
trestbps,0.2190769161864233
restecg,0.19364252264230744
age,0.016061884398185882
fbs,0.008496269721370025
