feature,shap_importance
cp,0.22654686727517281
ca,0.10613080338134395
age,0.08011736135105876
thal,0.06387069139243201
sex,0.04141342408837751
oldpeak,0.015079361296016438
trestbps,0.008867234815348204
chol,0.0
fbs,0.0
restecg,0.0
thalach,0.0
exang,0.0
slope,0.0
