feature,mean_importance
fbs,0.00014634126508391576
restecg,0.001593871618365883
chol,0.006978536339905717
trestbps,0.008638644830896047
slope,0.011999831241080849
sex,0.019906018690171667
exang,0.020933139287440283
thalach,0.03309779034906911
age,0.04508829159857608
oldpeak,0.07994636230241424
thal,0.0811787815673702
ca,0.12212358188846668
cp,0.1620941548988429
