feature,mean_importance
fbs,-0.00023030907613948992
age,0.0007351414547083657
restecg,0.007167402779855303
chol,0.008828193000937689
trestbps,0.01771746873839447
slope,0.02249114008906523
exang,0.02268680289303777
thal,0.04577236219448384
thalach,0.046865924951268845
oldpeak,0.06274848902660232
ca,0.07182180929608727
sex,0.07603416211809413
cp,0.09306777367339322
