feature,mean_importance
exang,0.047742246709428365
chol,0.08302377114885277
trestbps,0.10147909618304811
fbs,0.16174480192710292
slope,0.220420142858854
restecg,0.22269562531552908
age,0.25989703642904266
thalach,0.28815883876349685
oldpeak,0.3595339578422538
thal,0.4084356235835072
sex,0.5423518002258902
ca,0.6692047558833809
cp,0.6725260859810211
