feature,mean_importance
fbs,0.0008908576803791625
restecg,0.016260506902379592
trestbps,0.017068840575763716
exang,0.022871557227420226
slope,0.04494487321981558
chol,0.06123504890634744
thalach,0.07479119736440087
oldpeak,0.08740287062888287
sex,0.09549689713738885
age,0.12703976899548938
thal,0.14020636992509547
cp,0.22329385379561373
ca,0.3882037449273205
