feature,mean_importance
fbs,0.0008907310479458351
restecg,0.01623648098887171
trestbps,0.0170492903128203
exang,0.02287624804201255
slope,0.04490817491874255
chol,0.06140253853172206
thalach,0.0745669234280063
oldpeak,0.08744023350117947
sex,0.0952725513149245
age,0.12709439654707716
thal,0.1401322142597363
cp,0.22340431657306842
ca,0.3880299012812839
