feature,mean_importance
thalach,0.0
restecg,0.0
fbs,0.0
chol,0.0
slope,0.0
exang,0.0
trestbps,0.009262110215761487
sex,0.047897173991621834
thal,0.08144145445361126
age,0.1045938378750035
ca,0.15897013375844243
cp,0.2904214341471389
oldpeak,0.5203874467876812
