feature,mean_importance
fbs,-0.00023030907613956763
age,0.0007351414547082768
restecg,0.007167402779855192
chol,0.008828193000937646
trestbps,0.01771746873839437
slope,0.02249114008906512
exang,0.022686802893037716
thal,0.04577236219448377
thalach,0.04686592495126877
oldpeak,0.06274848902660221
ca,0.0718218092960872
sex,0.07603416211809405
cp,0.09306777367339311
