feature,weight
intercept,0.25229616888682804
age,-0.020324647074025134
sex,-0.8135665508882779
cp,0.8501737938193723
trestbps,-0.28331038421815713
chol,-0.29811578498830477
fbs,0.030297506846012272
restecg,0.20091442576267987
thalach,0.5152157258094369
exang,-1.0507326520095097
oldpeak,-0.5808206150546994
slope,0.3098758245753315
ca,-0.8080550388107938
thal,-0.5019461987523076
