feature,shap_importance
sex,0.7510946549546614
cp,0.7442934261981878
ca,0.639331356559363
exang,0.46342624943687916
oldpeak,0.4631052030172011
thalach,0.4537682805883746
thal,0.4428883999039226
slope,0.2867297672684085
chol,0.22137133650165594
trestbps,0.2190769161864233
restecg,0.19364252264230727
age,0.01606188439818591
fbs,0.008496269721370056
