feature,mean_importance
fbs,0.00014634126508387136
restecg,0.0015938716183658275
chol,0.006978536339905639
trestbps,0.008638644830895981
slope,0.011999831241080816
sex,0.0199060186901716
exang,0.02093313928744025
thalach,0.0330977903490691
age,0.045088291598576045
oldpeak,0.07994636230241421
thal,0.08117878156737013
ca,0.12212358188846661
cp,0.16209415489884282
