feature,mean_importance
fbs,0.00014634126508389356
restecg,0.0015938716183658609
chol,0.006978536339905694
trestbps,0.008638644830896037
slope,0.011999831241080861
sex,0.019906018690171647
exang,0.020933139287440262
thalach,0.03309779034906909
age,0.04508829159857606
oldpeak,0.07994636230241423
thal,0.0811787815673702
ca,0.12212358188846668
cp,0.16209415489884288
